metabolite,specification,n_complete,beta,lo,hi,p,q_bh_5_within_specification
indolepropionate,original_covariates,609,0.014307134930980294,-0.14894457612082954,0.17755884598279012,0.8636196865304995,0.8826494099340052
indolepropionate,plus_creatinine_relative_signal,609,0.014606896239762985,-0.14861863319754354,0.17783242567706953,0.8607690341105151,0.8888391316788555
indoleacetate,original_covariates,623,-0.062382320394938524,-0.22251564442344723,0.0977510036335702,0.4451455003614917,0.7419091672691529
indoleacetate,plus_creatinine_relative_signal,623,-0.061791196750138375,-0.219970181777841,0.09638778827756424,0.44388917451864185,0.7398152908644031
indolelactate,original_covariates,623,-0.012024181395383289,-0.1716795522027389,0.14763118941197234,0.8826494099340052,0.8826494099340052
indolelactate,plus_creatinine_relative_signal,623,-0.010245660453833025,-0.153914941252624,0.13342362034495797,0.8888391316788555,0.8888391316788555
p-cresol sulfate,original_covariates,623,0.12962147888331108,-0.031096808677577498,0.2903397664441997,0.11393806152023063,0.28484515380057657
p-cresol sulfate,plus_creatinine_relative_signal,623,0.130593250554279,-0.02555560932599274,0.2867421104345508,0.1011731383731059,0.2529328459327647
hippurate,original_covariates,623,0.21994319851243646,0.05636207334170279,0.38352432368317013,0.008406990140804108,0.04203495070402054
hippurate,plus_creatinine_relative_signal,623,0.22082534812342614,0.06047432528636362,0.3811763709604886,0.006951909450092077,0.03475954725046038
